{
	"credit": "Made by LiCraft",
	"texture_size": [64, 64],
	"textures": {
		"0": "wifi/wifi",
		"particle": "wifi/wifi"
	},
	"elements": [
		{
			"from": [-8, 0, 7],
			"to": [24, 24, 9],
			"rotation": {"angle": 0, "axis": "y", "origin": [8, 12, 8]},
			"faces": {
				"north": {"uv": [0, 0, 16, 12], "texture": "#0"},
				"east": {"uv": [15.5, 0.25, 16, 11.5], "texture": "#0"},
				"south": {"uv": [0, 0, 16, 12], "texture": "#0"},
				"west": {"uv": [0, 0.25, 0.5, 11.5], "texture": "#0"},
				"up": {"uv": [0.25, 0, 15.75, 0.5], "texture": "#0"},
				"down": {"uv": [0.25, 11.5, 15.75, 12], "texture": "#0"}
			}
		}
	],
	"display": {
		"thirdperson_righthand": {
			"translation": [0, 1.75, 0.5],
			"scale": [0.2, 0.2, 0.2]
		},
		"thirdperson_lefthand": {
			"translation": [0, 1.75, 0.5],
			"scale": [0.2, 0.2, 0.2]
		},
		"firstperson_righthand": {
			"scale": [0.4, 0.4, 0.4]
		},
		"firstperson_lefthand": {
			"scale": [0.4, 0.4, 0.4]
		},
		"ground": {
			"translation": [0, 4.25, 0]
		},
		"gui": {
			"translation": [0, -1.75, 0],
			"scale": [0.47, 0.47, 0.47]
		},
		"head": {
			"translation": [0, -1.75, -6.75],
			"scale": [0.4, 0.4, 0.4]
		},
		"fixed": {
			"translation": [0, -4, 0],
			"scale": [1.01, 1.01, 1.01]
		}
	}
}