{
	"credit": "Made by LiCraft",
	"texture_size": [32, 32],
	"textures": {
		"0": "cafeteria/button",
		"particle": "cafeteria/button"
	},
	"elements": [
		{
			"from": [0, 0, 0],
			"to": [32, 2, 32],
			"rotation": {"angle": 0, "axis": "y", "origin": [16, 1, 16]},
			"faces": {
				"north": {"uv": [0, 0, 16, 0.5], "texture": "#0"},
				"east": {"uv": [0, 0, 16, 0.5], "texture": "#0"},
				"south": {"uv": [0, 0, 16, 0.5], "texture": "#0"},
				"west": {"uv": [0, 0, 16, 0.5], "texture": "#0"},
				"up": {"uv": [0, 0, 16, 16], "texture": "#0"},
				"down": {"uv": [0, 0, 16, 16], "texture": "#0"}
			}
		},
		{
			"from": [13, 2, 9],
			"to": [19, 5, 23],
			"rotation": {"angle": 0, "axis": "y", "origin": [16, 3.5, 16]},
			"faces": {
				"north": {"uv": [6.5, 10, 9.5, 11.5], "texture": "#0"},
				"east": {"uv": [4.5, 8, 11.5, 9.5], "texture": "#0"},
				"south": {"uv": [6.5, 10, 9.5, 11.5], "texture": "#0"},
				"west": {"uv": [4.5, 8, 11.5, 9.5], "texture": "#0"},
				"up": {"uv": [6.5, 4.5, 9.5, 11.5], "texture": "#0"},
				"down": {"uv": [0, 0, 3, 7], "texture": "#0"}
			}
		},
		{
			"from": [19, 2, 10],
			"to": [21, 5, 22],
			"rotation": {"angle": 0, "axis": "y", "origin": [20, 3.5, 16]},
			"faces": {
				"north": {"uv": [5.5, 9.5, 6.5, 11], "texture": "#0"},
				"east": {"uv": [5, 9, 11, 10.5], "texture": "#0"},
				"south": {"uv": [5.5, 9.5, 6.5, 11], "texture": "#0"},
				"west": {"uv": [0, 0, 6, 1.5], "texture": "#0"},
				"up": {"uv": [5.5, 5, 6.5, 11], "texture": "#0"},
				"down": {"uv": [0, 0, 1, 6], "texture": "#0"}
			}
		},
		{
			"from": [11, 2, 10],
			"to": [13, 5, 22],
			"rotation": {"angle": 0, "axis": "y", "origin": [12, 3.5, 16]},
			"faces": {
				"north": {"uv": [5.5, 9.5, 6.5, 11], "texture": "#0"},
				"east": {"uv": [0, 0, 6, 1.5], "texture": "#0"},
				"south": {"uv": [5.5, 9.5, 6.5, 11], "texture": "#0"},
				"west": {"uv": [5, 9, 11, 10.5], "texture": "#0"},
				"up": {"uv": [9.5, 5, 10.5, 11], "texture": "#0"},
				"down": {"uv": [0, 0, 1, 6], "texture": "#0"}
			}
		},
		{
			"from": [21, 2, 11],
			"to": [22, 5, 21],
			"rotation": {"angle": 0, "axis": "y", "origin": [21.5, 3.5, 16]},
			"faces": {
				"north": {"uv": [5, 9, 5.5, 10.5], "texture": "#0"},
				"east": {"uv": [5.5, 9.5, 10.5, 11], "texture": "#0"},
				"south": {"uv": [5, 9, 5.5, 10.5], "texture": "#0"},
				"west": {"uv": [0, 0, 5, 1.5], "texture": "#0"},
				"up": {"uv": [5, 5.5, 5.5, 10.5], "texture": "#0"},
				"down": {"uv": [0, 0, 0.5, 5], "texture": "#0"}
			}
		},
		{
			"from": [10, 2, 11],
			"to": [11, 5, 21],
			"rotation": {"angle": 0, "axis": "y", "origin": [10.5, 3.5, 16]},
			"faces": {
				"north": {"uv": [5.5, 9.5, 6, 11], "texture": "#0"},
				"east": {"uv": [0, 0, 5, 1.5], "texture": "#0"},
				"south": {"uv": [5, 9, 5.5, 10.5], "texture": "#0"},
				"west": {"uv": [5.5, 9.5, 10.5, 11], "texture": "#0"},
				"up": {"uv": [10.5, 5.5, 11, 10.5], "texture": "#0"},
				"down": {"uv": [0, 0, 0.5, 5], "texture": "#0"}
			}
		},
		{
			"from": [22, 2, 13],
			"to": [23, 5, 19],
			"rotation": {"angle": 0, "axis": "y", "origin": [22.5, 3.5, 16]},
			"faces": {
				"north": {"uv": [5, 9, 5.5, 10.5], "texture": "#0"},
				"east": {"uv": [6.5, 10, 9.5, 11.5], "texture": "#0"},
				"south": {"uv": [5, 9, 5.5, 10.5], "texture": "#0"},
				"west": {"uv": [0, 0, 3, 1.5], "texture": "#0"},
				"up": {"uv": [4.5, 6.5, 5, 9.5], "texture": "#0"},
				"down": {"uv": [0, 0, 0.5, 3], "texture": "#0"}
			}
		},
		{
			"from": [9, 2, 13],
			"to": [10, 5, 19],
			"rotation": {"angle": 0, "axis": "y", "origin": [9.5, 3.5, 16]},
			"faces": {
				"north": {"uv": [5, 9, 5.5, 10.5], "texture": "#0"},
				"east": {"uv": [0, 0, 3, 1.5], "texture": "#0"},
				"south": {"uv": [5, 9, 5.5, 10.5], "texture": "#0"},
				"west": {"uv": [6.5, 10, 9.5, 11.5], "texture": "#0"},
				"up": {"uv": [11, 6.5, 11.5, 9.5], "texture": "#0"},
				"down": {"uv": [0, 0, 0.5, 3], "texture": "#0"}
			}
		},
		{
			"from": [11, 5, 11],
			"to": [21, 6, 21],
			"rotation": {"angle": 0, "axis": "y", "origin": [16, 5.5, 16]},
			"faces": {
				"north": {"uv": [5.502, 5.002, 10.498, 5.498], "texture": "#0"},
				"east": {"uv": [5.502, 5.002, 10.498, 5.498], "texture": "#0"},
				"south": {"uv": [5.502, 5.002, 10.498, 5.498], "texture": "#0"},
				"west": {"uv": [5.502, 5.002, 10.498, 5.498], "texture": "#0"},
				"up": {"uv": [5.502, 5.502, 10.498, 10.498], "texture": "#0"},
				"down": {"uv": [5.502, 5.502, 10.498, 10.498], "texture": "#0"}
			}
		},
		{
			"from": [13, 5, 21],
			"to": [19, 6, 22],
			"rotation": {"angle": 0, "axis": "y", "origin": [16, 5.5, 21.5]},
			"faces": {
				"north": {"uv": [5.5, 5, 10.5, 5.5], "texture": "#0"},
				"east": {"uv": [5.5, 5, 10.5, 5.5], "texture": "#0"},
				"south": {"uv": [5.5, 5, 10.5, 5.5], "texture": "#0"},
				"west": {"uv": [5.5, 5, 10.5, 5.5], "texture": "#0"},
				"up": {"uv": [5.5, 5.5, 10.5, 10.5], "texture": "#0"},
				"down": {"uv": [5.5, 5.5, 10.5, 10.5], "texture": "#0"}
			}
		},
		{
			"from": [21, 5, 13],
			"to": [22, 6, 19],
			"rotation": {"angle": 0, "axis": "y", "origin": [21.5, 5.5, 16]},
			"faces": {
				"north": {"uv": [5.5, 5, 10.5, 5.5], "texture": "#0"},
				"east": {"uv": [5.5, 5, 10.5, 5.5], "texture": "#0"},
				"south": {"uv": [5.5, 5, 10.5, 5.5], "texture": "#0"},
				"west": {"uv": [5.5, 5, 10.5, 5.5], "texture": "#0"},
				"up": {"uv": [5.5, 5.5, 10.5, 10.5], "rotation": 270, "texture": "#0"},
				"down": {"uv": [5.5, 5.5, 10.5, 10.5], "rotation": 90, "texture": "#0"}
			}
		},
		{
			"from": [10, 5, 13],
			"to": [11, 6, 19],
			"rotation": {"angle": 0, "axis": "y", "origin": [10.5, 5.5, 16]},
			"faces": {
				"north": {"uv": [5.5, 5, 10.5, 5.5], "texture": "#0"},
				"east": {"uv": [5.5, 5, 10.5, 5.5], "texture": "#0"},
				"south": {"uv": [5.5, 5, 10.5, 5.5], "texture": "#0"},
				"west": {"uv": [5.5, 5, 10.5, 5.5], "texture": "#0"},
				"up": {"uv": [5.5, 5.5, 10.5, 10.5], "rotation": 270, "texture": "#0"},
				"down": {"uv": [5.5, 5.5, 10.5, 10.5], "rotation": 90, "texture": "#0"}
			}
		},
		{
			"from": [13, 5, 10],
			"to": [19, 6, 11],
			"rotation": {"angle": 0, "axis": "y", "origin": [16, 5.5, 10.5]},
			"faces": {
				"north": {"uv": [5.5, 5, 10.5, 5.5], "texture": "#0"},
				"east": {"uv": [5.5, 5, 10.5, 5.5], "texture": "#0"},
				"south": {"uv": [5.5, 5, 10.5, 5.5], "texture": "#0"},
				"west": {"uv": [5.5, 5, 10.5, 5.5], "texture": "#0"},
				"up": {"uv": [5.5, 5.5, 10.5, 10.5], "texture": "#0"},
				"down": {"uv": [5.5, 5.5, 10.5, 10.5], "texture": "#0"}
			}
		}
	],
	"display": {
		"thirdperson_righthand": {
			"translation": [-1.25, 1.75, 0],
			"scale": [0.14, 0.14, 0.14]
		},
		"thirdperson_lefthand": {
			"translation": [1.25, 1.75, 0],
			"scale": [0.14, 0.14, 0.14]
		},
		"ground": {
			"translation": [-7.75, 2.5, -7.75]
		},
		"gui": {
			"rotation": [-90, 0, 0],
			"translation": [-4, -4, 0],
			"scale": [0.5, 1, 0.5]
		},
		"head": {
			"translation": [-15.5, 17.5, -15.5],
			"scale": [2, 1.4, 2]
		},
		"fixed": {
			"rotation": [-90, 0, 0],
			"translation": [-7.75, -8, -7],
			"scale": [1, 0.99, 1]
		}
	},
	"groups": [0,
		{
			"name": "button",
			"origin": [17, 10, 21],
			"children": [1, 2, 3, 4, 5, 6, 7, 8, 9, 10, 11, 12]
		}
	]
}