{
	"credit": "Made by LiCraft",
	"texture_size": [32, 32],
	"textures": {
		"0": "medbay/scaner",
		"particle": "medbay/scaner"
	},
	"elements": [
		{
			"from": [20.5, 0, 1],
			"to": [21.5, 1, 4],
			"rotation": {"angle": 0, "axis": "y", "origin": [6.5, 0.5, 8]},
			"faces": {
				"north": {"uv": [0, 0, 0.5, 0.5], "texture": "#0"},
				"east": {"uv": [0, 0, 1.5, 0.5], "texture": "#0"},
				"west": {"uv": [0, 0, 1.5, 0.5], "texture": "#0"},
				"up": {"uv": [0, 0, 1.5, 0.5], "rotation": 270, "texture": "#0"},
				"down": {"uv": [0, 0, 1.5, 0.5], "rotation": 90, "texture": "#0"}
			}
		},
		{
			"from": [2.5, 0, -8],
			"to": [10.5, 1, -7],
			"rotation": {"angle": 0, "axis": "y", "origin": [6.5, 0.5, 8]},
			"faces": {
				"north": {"uv": [0, 0, 4, 0.5], "texture": "#0"},
				"east": {"uv": [0, 0, 0.5, 0.5], "texture": "#0"},
				"south": {"uv": [0, 0, 4, 0.5], "texture": "#0"},
				"west": {"uv": [0, 0, 0.5, 0.5], "texture": "#0"},
				"up": {"uv": [0, 0, 4, 0.5], "texture": "#0"},
				"down": {"uv": [0, 0, 4, 0.5], "texture": "#0"}
			}
		},
		{
			"from": [2.5, 0, 23],
			"to": [10.5, 1, 24],
			"rotation": {"angle": 0, "axis": "y", "origin": [6.5, 0.5, 8]},
			"faces": {
				"north": {"uv": [0, 0, 4, 0.5], "texture": "#0"},
				"east": {"uv": [0, 0, 0.5, 0.5], "texture": "#0"},
				"south": {"uv": [0, 0, 4, 0.5], "texture": "#0"},
				"west": {"uv": [0, 0, 0.5, 0.5], "texture": "#0"},
				"up": {"uv": [0, 0, 4, 0.5], "texture": "#0"},
				"down": {"uv": [0, 0, 4, 0.5], "texture": "#0"}
			}
		},
		{
			"from": [-9.5, 0, 4],
			"to": [-8.5, 1, 12],
			"rotation": {"angle": 0, "axis": "y", "origin": [6.5, 0.5, 8]},
			"faces": {
				"north": {"uv": [0, 0, 0.5, 0.5], "texture": "#0"},
				"east": {"uv": [0, 0, 4, 0.5], "texture": "#0"},
				"south": {"uv": [0, 0, 0.5, 0.5], "texture": "#0"},
				"west": {"uv": [0, 0, 4, 0.5], "texture": "#0"},
				"up": {"uv": [0, 0, 4, 0.5], "rotation": 270, "texture": "#0"},
				"down": {"uv": [0, 0, 4, 0.5], "rotation": 90, "texture": "#0"}
			}
		},
		{
			"from": [21.5, 0, 4],
			"to": [22.5, 1, 12],
			"rotation": {"angle": 0, "axis": "y", "origin": [6.5, 0.5, 8]},
			"faces": {
				"north": {"uv": [0, 0, 0.5, 0.5], "texture": "#0"},
				"east": {"uv": [0, 0, 4, 0.5], "texture": "#0"},
				"south": {"uv": [0, 0, 0.5, 0.5], "texture": "#0"},
				"west": {"uv": [0, 0, 4, 0.5], "texture": "#0"},
				"up": {"uv": [0, 0, 4, 0.5], "rotation": 270, "texture": "#0"},
				"down": {"uv": [0, 0, 4, 0.5], "rotation": 90, "texture": "#0"}
			}
		},
		{
			"from": [-0.5, 0, -7],
			"to": [2.5, 1, -6],
			"rotation": {"angle": 0, "axis": "y", "origin": [6.5, 0.5, 8]},
			"faces": {
				"north": {"uv": [0, 0, 1.5, 0.5], "texture": "#0"},
				"south": {"uv": [0, 0, 1.5, 0.5], "texture": "#0"},
				"west": {"uv": [0, 0, 0.5, 0.5], "texture": "#0"},
				"up": {"uv": [0, 0, 1.5, 0.5], "texture": "#0"},
				"down": {"uv": [0, 0, 1.5, 0.5], "texture": "#0"}
			}
		},
		{
			"from": [-0.5, 0, 22],
			"to": [2.5, 1, 23],
			"rotation": {"angle": 0, "axis": "y", "origin": [6.5, 0.5, 8]},
			"faces": {
				"north": {"uv": [0, 0, 1.5, 0.5], "texture": "#0"},
				"south": {"uv": [0, 0, 1.5, 0.5], "texture": "#0"},
				"west": {"uv": [0, 0, 0.5, 0.5], "texture": "#0"},
				"up": {"uv": [0, 0, 1.5, 0.5], "texture": "#0"},
				"down": {"uv": [0, 0, 1.5, 0.5], "texture": "#0"}
			}
		},
		{
			"from": [10.5, 0, -7],
			"to": [13.5, 1, -6],
			"rotation": {"angle": 0, "axis": "y", "origin": [6.5, 0.5, 8]},
			"faces": {
				"north": {"uv": [0, 0, 1.5, 0.5], "texture": "#0"},
				"east": {"uv": [0, 0, 0.5, 0.5], "texture": "#0"},
				"south": {"uv": [0, 0, 1.5, 0.5], "texture": "#0"},
				"up": {"uv": [0, 0, 1.5, 0.5], "texture": "#0"},
				"down": {"uv": [0, 0, 1.5, 0.5], "texture": "#0"}
			}
		},
		{
			"from": [10.5, 0, 22],
			"to": [13.5, 1, 23],
			"rotation": {"angle": 0, "axis": "y", "origin": [6.5, 0.5, 8]},
			"faces": {
				"north": {"uv": [0, 0, 1.5, 0.5], "texture": "#0"},
				"east": {"uv": [0, 0, 0.5, 0.5], "texture": "#0"},
				"south": {"uv": [0, 0, 1.5, 0.5], "texture": "#0"},
				"up": {"uv": [0, 0, 1.5, 0.5], "texture": "#0"},
				"down": {"uv": [0, 0, 1.5, 0.5], "texture": "#0"}
			}
		},
		{
			"from": [20.5, 0, 12],
			"to": [21.5, 1, 15],
			"rotation": {"angle": 0, "axis": "y", "origin": [6.5, 0.5, 8]},
			"faces": {
				"east": {"uv": [0, 0, 1.5, 0.5], "texture": "#0"},
				"south": {"uv": [0, 0, 0.5, 0.5], "texture": "#0"},
				"west": {"uv": [0, 0, 1.5, 0.5], "texture": "#0"},
				"up": {"uv": [0, 0, 1.5, 0.5], "rotation": 270, "texture": "#0"},
				"down": {"uv": [0, 0, 1.5, 0.5], "rotation": 90, "texture": "#0"}
			}
		},
		{
			"from": [-8.5, 0, 12],
			"to": [-7.5, 1, 15],
			"rotation": {"angle": 0, "axis": "y", "origin": [6.5, 0.5, 8]},
			"faces": {
				"east": {"uv": [0, 0, 1.5, 0.5], "rotation": 90, "texture": "#0"},
				"south": {"uv": [0, 0, 1.5, 0.5], "rotation": 90, "texture": "#0"},
				"west": {"uv": [0, 0, 1.5, 0.5], "rotation": 90, "texture": "#0"},
				"up": {"uv": [0, 0, 1.5, 0.5], "rotation": 90, "texture": "#0"},
				"down": {"uv": [0, 0, 1.5, 0.5], "rotation": 90, "texture": "#0"}
			}
		},
		{
			"from": [-8.5, 0, 1],
			"to": [-7.5, 1, 4],
			"rotation": {"angle": 0, "axis": "y", "origin": [6.5, 0.5, 8]},
			"faces": {
				"north": {"uv": [0, 0, 0.5, 0.5], "texture": "#0"},
				"east": {"uv": [0, 0, 1.5, 0.5], "texture": "#0"},
				"west": {"uv": [0, 0, 1.5, 0.5], "texture": "#0"},
				"up": {"uv": [0, 0, 1.5, 0.5], "rotation": 270, "texture": "#0"},
				"down": {"uv": [0, 0, 1.5, 0.5], "rotation": 90, "texture": "#0"}
			}
		},
		{
			"from": [-1.5, 0, -6],
			"to": [-0.5, 1, -5],
			"rotation": {"angle": 0, "axis": "y", "origin": [6.5, 0.5, 8]},
			"faces": {
				"north": {"uv": [0, 0, 0.5, 0.5], "texture": "#0"},
				"east": {"uv": [0, 0, 0.5, 0.5], "texture": "#0"},
				"west": {"uv": [0, 0, 0.5, 0.5], "texture": "#0"},
				"up": {"uv": [0, 0, 0.5, 0.5], "texture": "#0"},
				"down": {"uv": [0, 0, 0.5, 0.5], "texture": "#0"}
			}
		},
		{
			"from": [-7.5, 0, 0],
			"to": [-6.5, 1, 1],
			"rotation": {"angle": 0, "axis": "y", "origin": [6.5, 0.5, 8]},
			"faces": {
				"north": {"uv": [0, 0, 0.5, 0.5], "texture": "#0"},
				"south": {"uv": [0, 0, 0.5, 0.5], "texture": "#0"},
				"west": {"uv": [0, 0, 0.5, 0.5], "texture": "#0"},
				"up": {"uv": [0, 0, 0.5, 0.5], "texture": "#0"},
				"down": {"uv": [0, 0, 0.5, 0.5], "texture": "#0"}
			}
		},
		{
			"from": [13.5, 0, 21],
			"to": [14.5, 1, 22],
			"rotation": {"angle": 0, "axis": "y", "origin": [6.5, 0.5, 8]},
			"faces": {
				"east": {"uv": [0, 0, 0.5, 0.5], "texture": "#0"},
				"south": {"uv": [0, 0, 0.5, 0.5], "texture": "#0"},
				"west": {"uv": [0, 0, 0.5, 0.5], "texture": "#0"},
				"up": {"uv": [0, 0, 0.5, 0.5], "rotation": 180, "texture": "#0"},
				"down": {"uv": [0, 0, 0.5, 0.5], "rotation": 180, "texture": "#0"}
			}
		},
		{
			"from": [19.5, 0, 15],
			"to": [20.5, 1, 16],
			"rotation": {"angle": 0, "axis": "y", "origin": [6.5, 0.5, 8]},
			"faces": {
				"north": {"uv": [0, 0, 0.5, 0.5], "texture": "#0"},
				"east": {"uv": [0, 0, 0.5, 0.5], "texture": "#0"},
				"south": {"uv": [0, 0, 0.5, 0.5], "texture": "#0"},
				"up": {"uv": [0, 0, 0.5, 0.5], "rotation": 180, "texture": "#0"},
				"down": {"uv": [0, 0, 0.5, 0.5], "rotation": 180, "texture": "#0"}
			}
		},
		{
			"from": [-7.5, 0, 15],
			"to": [-6.5, 1, 16],
			"rotation": {"angle": 0, "axis": "y", "origin": [6.5, 0.5, 8]},
			"faces": {
				"north": {"uv": [0, 0, 0.5, 0.5], "texture": "#0"},
				"south": {"uv": [0, 0, 0.5, 0.5], "texture": "#0"},
				"west": {"uv": [0, 0, 0.5, 0.5], "texture": "#0"},
				"up": {"uv": [0, 0, 0.5, 0.5], "texture": "#0"},
				"down": {"uv": [0, 0, 0.5, 0.5], "texture": "#0"}
			}
		},
		{
			"from": [-1.5, 0, 21],
			"to": [-0.5, 1, 22],
			"rotation": {"angle": 0, "axis": "y", "origin": [6.5, 0.5, 8]},
			"faces": {
				"east": {"uv": [0, 0, 0.5, 0.5], "texture": "#0"},
				"south": {"uv": [0, 0, 0.5, 0.5], "texture": "#0"},
				"west": {"uv": [0, 0, 0.5, 0.5], "texture": "#0"},
				"up": {"uv": [0, 0, 0.5, 0.5], "texture": "#0"},
				"down": {"uv": [0, 0, 0.5, 0.5], "texture": "#0"}
			}
		},
		{
			"from": [13.5, 0, -6],
			"to": [14.5, 1, -5],
			"rotation": {"angle": 0, "axis": "y", "origin": [6.5, 0.5, 8]},
			"faces": {
				"north": {"uv": [0, 0, 0.5, 0.5], "texture": "#0"},
				"east": {"uv": [0, 0, 0.5, 0.5], "texture": "#0"},
				"west": {"uv": [0, 0, 0.5, 0.5], "texture": "#0"},
				"up": {"uv": [0, 0, 0.5, 0.5], "texture": "#0"},
				"down": {"uv": [0, 0, 0.5, 0.5], "texture": "#0"}
			}
		},
		{
			"from": [19.5, 0, 0],
			"to": [20.5, 1, 1],
			"rotation": {"angle": 0, "axis": "y", "origin": [6.5, 0.5, 8]},
			"faces": {
				"north": {"uv": [0, 0, 0.5, 0.5], "texture": "#0"},
				"east": {"uv": [0, 0, 0.5, 0.5], "texture": "#0"},
				"south": {"uv": [0, 0, 0.5, 0.5], "texture": "#0"},
				"up": {"uv": [0, 0, 0.5, 0.5], "texture": "#0"},
				"down": {"uv": [0, 0, 0.5, 0.5], "texture": "#0"}
			}
		},
		{
			"from": [-3.5, 0, 20],
			"to": [-1.5, 1, 21],
			"rotation": {"angle": 0, "axis": "y", "origin": [6.5, 0.5, 8]},
			"faces": {
				"north": {"uv": [0, 0, 1, 0.5], "texture": "#0"},
				"south": {"uv": [0, 0, 1, 0.5], "texture": "#0"},
				"west": {"uv": [0, 0, 0.5, 0.5], "texture": "#0"},
				"up": {"uv": [0, 0, 1, 0.5], "texture": "#0"},
				"down": {"uv": [0, 0, 1, 0.5], "texture": "#0"}
			}
		},
		{
			"from": [-6.5, 0, 16],
			"to": [-5.5, 1, 18],
			"rotation": {"angle": 0, "axis": "y", "origin": [6.5, 0.5, 8]},
			"faces": {
				"east": {"uv": [0, 0, 1, 0.5], "texture": "#0"},
				"south": {"uv": [0, 0, 0.5, 0.5], "texture": "#0"},
				"west": {"uv": [0, 0, 1, 0.5], "texture": "#0"},
				"up": {"uv": [0, 0, 1, 0.5], "rotation": 270, "texture": "#0"},
				"down": {"uv": [0, 0, 1, 0.5], "rotation": 90, "texture": "#0"}
			}
		},
		{
			"from": [14.5, 0, 20],
			"to": [16.5, 1, 21],
			"rotation": {"angle": 0, "axis": "y", "origin": [6.5, 0.5, 8]},
			"faces": {
				"north": {"uv": [0, 0, 1, 0.5], "texture": "#0"},
				"east": {"uv": [0, 0, 0.5, 0.5], "texture": "#0"},
				"south": {"uv": [0, 0, 1, 0.5], "texture": "#0"},
				"up": {"uv": [0, 0, 1, 0.5], "texture": "#0"},
				"down": {"uv": [0, 0, 1, 0.5], "texture": "#0"}
			}
		},
		{
			"from": [18.5, 0, -2],
			"to": [19.5, 1, 0],
			"rotation": {"angle": 0, "axis": "y", "origin": [6.5, 0.5, 8]},
			"faces": {
				"north": {"uv": [0, 0, 0.5, 0.5], "texture": "#0"},
				"east": {"uv": [0, 0, 1, 0.5], "texture": "#0"},
				"west": {"uv": [0, 0, 1, 0.5], "texture": "#0"},
				"up": {"uv": [0, 0, 1, 0.5], "rotation": 90, "texture": "#0"},
				"down": {"uv": [0, 0, 1, 0.5], "rotation": 270, "texture": "#0"}
			}
		},
		{
			"from": [-3.5, 0, -5],
			"to": [-1.5, 1, -4],
			"rotation": {"angle": 0, "axis": "y", "origin": [6.5, 0.5, 8]},
			"faces": {
				"north": {"uv": [0, 0, 1, 0.5], "texture": "#0"},
				"south": {"uv": [0, 0, 1, 0.5], "texture": "#0"},
				"west": {"uv": [0, 0, 0.5, 0.5], "texture": "#0"},
				"up": {"uv": [0, 0, 1, 0.5], "texture": "#0"},
				"down": {"uv": [0, 0, 1, 0.5], "texture": "#0"}
			}
		},
		{
			"from": [18.5, 0, 16],
			"to": [19.5, 1, 18],
			"rotation": {"angle": 0, "axis": "y", "origin": [6.5, 0.5, 8]},
			"faces": {
				"east": {"uv": [0, 0, 1, 0.5], "texture": "#0"},
				"south": {"uv": [0, 0, 0.5, 0.5], "texture": "#0"},
				"west": {"uv": [0, 0, 1, 0.5], "texture": "#0"},
				"up": {"uv": [0, 0, 1, 0.5], "rotation": 90, "texture": "#0"},
				"down": {"uv": [0, 0, 1, 0.5], "rotation": 270, "texture": "#0"}
			}
		},
		{
			"from": [14.5, 0, -5],
			"to": [16.5, 1, -4],
			"rotation": {"angle": 0, "axis": "y", "origin": [6.5, 0.5, 8]},
			"faces": {
				"north": {"uv": [0, 0, 1, 0.5], "texture": "#0"},
				"east": {"uv": [0, 0, 0.5, 0.5], "texture": "#0"},
				"south": {"uv": [0, 0, 1, 0.5], "texture": "#0"},
				"up": {"uv": [0, 0, 1, 0.5], "texture": "#0"},
				"down": {"uv": [0, 0, 1, 0.5], "texture": "#0"}
			}
		},
		{
			"from": [-6.5, 0, -2],
			"to": [-5.5, 1, 0],
			"rotation": {"angle": 0, "axis": "y", "origin": [6.5, 0.5, 8]},
			"faces": {
				"north": {"uv": [0, 0, 0.5, 0.5], "texture": "#0"},
				"east": {"uv": [0, 0, 1, 0.5], "texture": "#0"},
				"west": {"uv": [0, 0, 1, 0.5], "texture": "#0"},
				"up": {"uv": [0, 0, 1, 0.5], "rotation": 270, "texture": "#0"},
				"down": {"uv": [0, 0, 1, 0.5], "rotation": 90, "texture": "#0"}
			}
		},
		{
			"from": [-5.5, 0, -3],
			"to": [-4.5, 1, -2],
			"rotation": {"angle": 0, "axis": "y", "origin": [6.5, 0.5, 8]},
			"faces": {
				"north": {"uv": [0, 0, 0.5, 0.5], "texture": "#0"},
				"east": {"uv": [0, 0, 0.5, 0.5], "texture": "#0"},
				"west": {"uv": [0, 0, 0.5, 0.5], "texture": "#0"},
				"up": {"uv": [0, 0, 0.5, 0.5], "texture": "#0"},
				"down": {"uv": [0, 0, 0.5, 0.5], "texture": "#0"}
			}
		},
		{
			"from": [-5.5, 0, 18],
			"to": [-4.5, 1, 19],
			"rotation": {"angle": 0, "axis": "y", "origin": [6.5, 0.5, 8]},
			"faces": {
				"east": {"uv": [0, 0, 0.5, 0.5], "texture": "#0"},
				"south": {"uv": [0, 0, 0.5, 0.5], "texture": "#0"},
				"west": {"uv": [0, 0, 0.5, 0.5], "texture": "#0"},
				"up": {"uv": [0, 0, 0.5, 0.5], "texture": "#0"},
				"down": {"uv": [0, 0, 0.5, 0.5], "texture": "#0"}
			}
		},
		{
			"from": [-4.5, 0, 19],
			"to": [-3.5, 1, 20],
			"rotation": {"angle": 0, "axis": "y", "origin": [6.5, 0.5, 8]},
			"faces": {
				"north": {"uv": [0, 0, 0.5, 0.5], "texture": "#0"},
				"south": {"uv": [0, 0, 0.5, 0.5], "texture": "#0"},
				"west": {"uv": [0, 0, 0.5, 0.5], "texture": "#0"},
				"up": {"uv": [0, 0, 0.5, 0.5], "texture": "#0"},
				"down": {"uv": [0, 0, 0.5, 0.5], "texture": "#0"}
			}
		},
		{
			"from": [16.5, 0, -4],
			"to": [17.5, 1, -3],
			"rotation": {"angle": 0, "axis": "y", "origin": [6.5, 0.5, 8]},
			"faces": {
				"north": {"uv": [0, 0, 0.5, 0.5], "texture": "#0"},
				"east": {"uv": [0, 0, 0.5, 0.5], "texture": "#0"},
				"south": {"uv": [0, 0, 0.5, 0.5], "texture": "#0"},
				"up": {"uv": [0, 0, 0.5, 0.5], "texture": "#0"},
				"down": {"uv": [0, 0, 0.5, 0.5], "texture": "#0"}
			}
		},
		{
			"from": [17.5, 0, -3],
			"to": [18.5, 1, -2],
			"rotation": {"angle": 0, "axis": "y", "origin": [6.5, 0.5, 8]},
			"faces": {
				"north": {"uv": [0, 0, 0.5, 0.5], "texture": "#0"},
				"east": {"uv": [0, 0, 0.5, 0.5], "texture": "#0"},
				"west": {"uv": [0, 0, 0.5, 0.5], "texture": "#0"},
				"up": {"uv": [0, 0, 0.5, 0.5], "texture": "#0"},
				"down": {"uv": [0, 0, 0.5, 0.5], "texture": "#0"}
			}
		},
		{
			"from": [17.5, 0, 18],
			"to": [18.5, 1, 19],
			"rotation": {"angle": 0, "axis": "y", "origin": [6.5, 0.5, 8]},
			"faces": {
				"east": {"uv": [0, 0, 0.5, 0.5], "texture": "#0"},
				"south": {"uv": [0, 0, 0.5, 0.5], "texture": "#0"},
				"west": {"uv": [0, 0, 0.5, 0.5], "texture": "#0"},
				"up": {"uv": [0, 0, 0.5, 0.5], "texture": "#0"},
				"down": {"uv": [0, 0, 0.5, 0.5], "texture": "#0"}
			}
		},
		{
			"from": [16.5, 0, 19],
			"to": [17.5, 1, 20],
			"rotation": {"angle": 0, "axis": "y", "origin": [6.5, 0.5, 8]},
			"faces": {
				"north": {"uv": [0, 0, 0.5, 0.5], "texture": "#0"},
				"east": {"uv": [0, 0, 0.5, 0.5], "texture": "#0"},
				"south": {"uv": [0, 0, 0.5, 0.5], "texture": "#0"},
				"up": {"uv": [0, 0, 0.5, 0.5], "texture": "#0"},
				"down": {"uv": [0, 0, 0.5, 0.5], "texture": "#0"}
			}
		},
		{
			"from": [-4.5, 0, -4],
			"to": [-3.5, 1, -3],
			"rotation": {"angle": 0, "axis": "y", "origin": [6.5, 0.5, 8]},
			"faces": {
				"north": {"uv": [0, 0, 0.5, 0.5], "texture": "#0"},
				"south": {"uv": [0, 0, 0.5, 0.5], "texture": "#0"},
				"west": {"uv": [0, 0, 0.5, 0.5], "texture": "#0"},
				"up": {"uv": [0, 0, 0.5, 0.5], "texture": "#0"},
				"down": {"uv": [0, 0, 0.5, 0.5], "texture": "#0"}
			}
		},
		{
			"from": [2.5, 0, -7],
			"to": [3.5, 1, 23],
			"rotation": {"angle": 0, "axis": "y", "origin": [6.5, 0.5, 8]},
			"faces": {
				"east": {"uv": [0, 0, 0.5, 15], "texture": "#0"},
				"west": {"uv": [0, 0, 0.5, 15], "texture": "#0"},
				"up": {"uv": [0, 0, 0.5, 15], "texture": "#0"},
				"down": {"uv": [0, 0, 0.5, 15], "texture": "#0"}
			}
		},
		{
			"from": [-1.5, 0, -5],
			"to": [14.5, 1, -4],
			"rotation": {"angle": 0, "axis": "y", "origin": [6.5, 0.5, 8]},
			"faces": {
				"north": {"uv": [0, 0, 8, 0.5], "texture": "#0"},
				"south": {"uv": [0, 0, 8, 0.5], "texture": "#0"},
				"up": {"uv": [0, 0, 8, 0.5], "texture": "#0"},
				"down": {"uv": [0, 0, 8, 0.5], "texture": "#0"}
			}
		},
		{
			"from": [-1.5, 0, 20],
			"to": [14.5, 1, 21],
			"rotation": {"angle": 0, "axis": "y", "origin": [6.5, 0.5, 8]},
			"faces": {
				"north": {"uv": [0, 0, 8, 0.5], "texture": "#0"},
				"south": {"uv": [0, 0, 8, 0.5], "texture": "#0"},
				"up": {"uv": [0, 0, 8, 0.5], "texture": "#0"},
				"down": {"uv": [0, 0, 8, 0.5], "texture": "#0"}
			}
		},
		{
			"from": [-6.5, 0, 0],
			"to": [-5.5, 1, 16],
			"rotation": {"angle": 0, "axis": "y", "origin": [6.5, 0.5, 8]},
			"faces": {
				"east": {"uv": [0, 0, 0.5, 8], "texture": "#0"},
				"west": {"uv": [0, 0, 0.5, 8], "texture": "#0"},
				"up": {"uv": [0, 0, 0.5, 8], "texture": "#0"},
				"down": {"uv": [0, 0, 0.5, 8], "texture": "#0"}
			}
		},
		{
			"from": [18.5, 0, 0],
			"to": [19.5, 1, 16],
			"rotation": {"angle": 0, "axis": "y", "origin": [6.5, 0.5, 8]},
			"faces": {
				"east": {"uv": [0, 0, 0.5, 8], "texture": "#0"},
				"west": {"uv": [0, 0, 0.5, 8], "texture": "#0"},
				"up": {"uv": [0, 0, 0.5, 8], "texture": "#0"},
				"down": {"uv": [0, 0, 0.5, 8], "texture": "#0"}
			}
		},
		{
			"from": [-5.5, 0, -2],
			"to": [18.5, 1, -1],
			"rotation": {"angle": 0, "axis": "y", "origin": [6.5, 0.5, 8]},
			"faces": {
				"north": {"uv": [0, 0, 12, 0.5], "texture": "#0"},
				"south": {"uv": [0, 0, 12, 0.5], "texture": "#0"},
				"up": {"uv": [0, 0, 12, 0.5], "texture": "#0"},
				"down": {"uv": [0, 0, 12, 0.5], "texture": "#0"}
			}
		},
		{
			"from": [-5.5, 0, 17],
			"to": [18.5, 1, 18],
			"rotation": {"angle": 0, "axis": "y", "origin": [6.5, 0.5, 8]},
			"faces": {
				"north": {"uv": [0, 0, 12, 0.5], "texture": "#0"},
				"south": {"uv": [0, 0, 12, 0.5], "texture": "#0"},
				"up": {"uv": [0, 0, 12, 0.5], "texture": "#0"},
				"down": {"uv": [0, 0, 12, 0.5], "texture": "#0"}
			}
		},
		{
			"from": [-5.5, 0, 1],
			"to": [18.5, 1, 2],
			"rotation": {"angle": 0, "axis": "y", "origin": [6.5, 0.5, 8]},
			"faces": {
				"north": {"uv": [0, 0, 12, 0.5], "texture": "#0"},
				"south": {"uv": [0, 0, 12, 0.5], "texture": "#0"},
				"up": {"uv": [0, 0, 12, 0.5], "texture": "#0"},
				"down": {"uv": [0, 0, 12, 0.5], "texture": "#0"}
			}
		},
		{
			"from": [-5.5, 0, 14],
			"to": [18.5, 1, 15],
			"rotation": {"angle": 0, "axis": "y", "origin": [6.5, 0.5, 8]},
			"faces": {
				"north": {"uv": [0, 0, 12, 0.5], "texture": "#0"},
				"south": {"uv": [0, 0, 12, 0.5], "texture": "#0"},
				"up": {"uv": [0, 0, 12, 0.5], "texture": "#0"},
				"down": {"uv": [0, 0, 12, 0.5], "texture": "#0"}
			}
		},
		{
			"from": [-8.5, 0, 4],
			"to": [21.5, 1, 5],
			"rotation": {"angle": 0, "axis": "y", "origin": [6.5, 0.5, 8]},
			"faces": {
				"north": {"uv": [0, 0, 15, 0.5], "texture": "#0"},
				"south": {"uv": [0, 0, 15, 0.5], "texture": "#0"},
				"up": {"uv": [0, 0, 15, 0.5], "texture": "#0"},
				"down": {"uv": [0, 0, 15, 0.5], "texture": "#0"}
			}
		},
		{
			"from": [-8.5, 0, 11],
			"to": [21.5, 1, 12],
			"rotation": {"angle": 0, "axis": "y", "origin": [6.5, 0.5, 8]},
			"faces": {
				"north": {"uv": [0, 0, 15, 0.5], "texture": "#0"},
				"south": {"uv": [0, 0, 15, 0.5], "texture": "#0"},
				"up": {"uv": [0, 0, 15, 0.5], "texture": "#0"},
				"down": {"uv": [0, 0, 15, 0.5], "texture": "#0"}
			}
		},
		{
			"from": [-3.5, 0, -4],
			"to": [-2.5, 1, 20],
			"rotation": {"angle": 0, "axis": "y", "origin": [6.5, 0.5, 8]},
			"faces": {
				"east": {"uv": [0, 0, 0.5, 12], "texture": "#0"},
				"west": {"uv": [0, 0, 0.5, 12], "texture": "#0"},
				"up": {"uv": [0, 0, 0.5, 12], "texture": "#0"},
				"down": {"uv": [0, 0, 0.5, 12], "texture": "#0"}
			}
		},
		{
			"from": [15.5, 0, -4],
			"to": [16.5, 1, 20],
			"rotation": {"angle": 0, "axis": "y", "origin": [6.5, 0.5, 8]},
			"faces": {
				"east": {"uv": [0, 0, 0.5, 12], "texture": "#0"},
				"west": {"uv": [0, 0, 0.5, 12], "texture": "#0"},
				"up": {"uv": [0, 0, 0.5, 12], "texture": "#0"},
				"down": {"uv": [0, 0, 0.5, 12], "texture": "#0"}
			}
		},
		{
			"from": [-0.5, 0, -4],
			"to": [0.5, 1, 20],
			"rotation": {"angle": 0, "axis": "y", "origin": [6.5, 0.5, 8]},
			"faces": {
				"east": {"uv": [0, 0, 0.5, 12], "texture": "#0"},
				"west": {"uv": [0, 0, 0.5, 12], "texture": "#0"},
				"up": {"uv": [0, 0, 0.5, 12], "texture": "#0"},
				"down": {"uv": [0, 0, 0.5, 12], "texture": "#0"}
			}
		},
		{
			"from": [12.5, 0, -4],
			"to": [13.5, 1, 20],
			"rotation": {"angle": 0, "axis": "y", "origin": [6.5, 0.5, 8]},
			"faces": {
				"east": {"uv": [0, 0, 0.5, 12], "texture": "#0"},
				"west": {"uv": [0, 0, 0.5, 12], "texture": "#0"},
				"up": {"uv": [0, 0, 0.5, 12], "texture": "#0"},
				"down": {"uv": [0, 0, 0.5, 12], "texture": "#0"}
			}
		},
		{
			"from": [9.5, 0, -7],
			"to": [10.5, 1, 23],
			"rotation": {"angle": 0, "axis": "y", "origin": [6.5, 0.5, 8]},
			"faces": {
				"east": {"uv": [0, 0, 0.5, 15], "texture": "#0"},
				"west": {"uv": [0, 0, 0.5, 15], "texture": "#0"},
				"up": {"uv": [0, 0, 0.5, 15], "texture": "#0"},
				"down": {"uv": [0, 0, 0.5, 15], "texture": "#0"}
			}
		}
	],
	"display": {
		"thirdperson_righthand": {
			"rotation": [90, 0, 0],
			"translation": [0.25, 0.75, 3.25],
			"scale": [0.3, 0.46, 0.3]
		},
		"thirdperson_lefthand": {
			"rotation": [90, 0, 0],
			"translation": [0.25, 0.75, 3.25],
			"scale": [0.3, 0.46, 0.3]
		},
		"firstperson_righthand": {
			"translation": [0, 7.75, 0]
		},
		"firstperson_lefthand": {
			"translation": [11.25, 6.5, 0]
		},
		"ground": {
			"rotation": [90, 0, 0],
			"translation": [1.5, 13, 7.75]
		},
		"gui": {
			"rotation": [-90, 0, 0],
			"translation": [0.75, 0, 0],
			"scale": [0.5, 1, 0.5]
		},
		"head": {
			"translation": [3.75, 20.25, 0.25],
			"scale": [2.5, 1.8, 2.5]
		},
		"fixed": {
			"rotation": [-90, 0, 0],
			"translation": [1.5, 0, -9]
		}
	},
	"groups": [
		{
			"name": "group",
			"origin": [8, 8, 8],
			"children": [
				{
					"name": "circle",
					"origin": [13, 8, 12],
					"children": [0, 1, 2, 3, 4, 5, 6, 7, 8, 9, 10, 11, 12, 13, 14, 15, 16, 17, 18, 19, 20, 21, 22, 23, 24, 25, 26, 27, 28, 29, 30, 31, 32, 33, 34, 35]
				},
				{
					"name": "net",
					"origin": [8, 8, 8],
					"children": [36, 37, 38, 39, 40, 41, 42, 43, 44, 45, 46, 47, 48, 49, 50, 51]
				}
			]
		}
	]
}