{
	"credit": "Made by LiCraft",
	"texture_size": [64, 64],
	"textures": {
		"0": "electrical/wires",
		"1": "electrical/wires_active",
		"particle": "electrical/wires"
	},
	"elements": [
		{
			"from": [-8, 0, 7],
			"to": [24, 16, 9],
			"faces": {
				"north": {"uv": [0, 0, 16, 8], "texture": "#1"},
				"east": {"uv": [15.5, 0.25, 16, 7.75], "texture": "#1"},
				"south": {"uv": [0, 0, 16, 8], "texture": "#0"},
				"west": {"uv": [0, 0.25, 0.5, 7.75], "texture": "#1"},
				"up": {"uv": [0.25, 7.5, 15.75, 8], "rotation": 180, "texture": "#1"},
				"down": {"uv": [0.25, 0, 15.75, 0.5], "rotation": 180, "texture": "#1"}
			}
		}
	],
	"display": {
		"thirdperson_righthand": {
			"translation": [0, 1.75, 0],
			"scale": [0.22, 0.22, 0.22]
		},
		"thirdperson_lefthand": {
			"translation": [0, 1.75, 0],
			"scale": [0.22, 0.22, 0.22]
		},
		"firstperson_righthand": {
			"scale": [0.3, 0.3, 0.3]
		},
		"firstperson_lefthand": {
			"scale": [0.3, 0.3, 0.3]
		},
		"ground": {
			"translation": [0, 4, 0]
		},
		"gui": {
			"scale": [0.49, 0.49, 1]
		},
		"head": {
			"translation": [0, 0, -6.75],
			"scale": [0.42, 0.42, 0.42]
		},
		"fixed": {
			"scale": [1, 1, 1.01]
		}
	}
}