{
	"credit": "Made by LiCraft",
	"textures": {
		"particle": "blocks/itemframe_background",
		"back": "blocks/itemframe_background"
	},
	"elements": [
		{
			"from": [7, 7, 15.5],
			"to": [9, 9, 16],
			"faces": {
				"north": {"uv": [3, 3, 13, 13], "texture": "#back"},
				"east": {"uv": [0, 0, 0, 0], "texture": "#back"},
				"south": {"uv": [3, 3, 13, 13], "texture": "#back"},
				"west": {"uv": [0, 0, 0, 0], "texture": "#back"},
				"up": {"uv": [0, 0, 0, 0], "texture": "#back"},
				"down": {"uv": [0, 0, 0, 0], "texture": "#back"}
			}
		}
	]
}